{"count":1,"self":114.6844672,"total":133.7349511,"children":{"InitializeActuators":{"count":164,"self":0.0059933999999999994,"total":0.0059933999999999994,"children":null},"InitializeSensors":{"count":164,"self":0.00099509999999999985,"total":0.00099509999999999985,"children":null},"AgentSendState":{"count":6551,"self":0.035317,"total":0.4645258,"children":{"CollectObservations":{"count":5001,"self":0.0039216,"total":0.0039216,"children":null},"WriteActionMask":{"count":5001,"self":0.0058953999999999994,"total":0.0058953999999999994,"children":null},"RequestDecision":{"count":5001,"self":0.1412235,"total":0.4193918,"children":{"AgentInfo.ToProto":{"count":5001,"self":0.0256797,"total":0.2781683,"children":{"GenerateSensorData":{"count":5001,"self":0.2524886,"total":0.2524886,"children":null}}}}}}},"DecideAction":{"count":6551,"self":18.5234704,"total":18.5234698,"children":null},"AgentAct":{"count":6551,"self":0.044505499999999996,"total":0.055497599999999994,"children":{"AgentInfo.ToProto":{"count":163,"self":0.0010000999999999999,"total":0.0109921,"children":{"GenerateSensorData":{"count":163,"self":0.009992,"total":0.009992,"children":null}}}}}},"gauges":{"Basic.CumulativeReward":{"count":163,"max":0.93,"min":-1.36999893,"runningAverage":0.07128844,"value":-0.09000001,"weightedAverage":0.191743031}},"metadata":{"timer_format_version":"0.1.0","start_time_seconds":"1633045742","unity_version":"2020.3.15f2","command_line_arguments":"C:\\Program Files\\Unity\\Hub\\Editor\\2020.3.15f2\\Editor\\Unity.exe -projectpath D:\/Project\/SmartMachines -useHub -hubIPC -cloudEnvironment production -hubSessionId dabebea0-2229-11ec-9e04-83e08d8c7d3c -accessToken Hp2owqe08QSs_UEaljdvfZt3iezLRjWI0-101EwJM98003f","communication_protocol_version":"1.5.0","com.unity.ml-agents_version":"2.1.0-exp.1","scene_name":"Startup","end_time_seconds":"1633045875"}}